instance_id,task_count,basic_vrp_vehicle_count,type_compatible_vehicle_count,vehicles_added_by_type_compatibility,selected_task_links,internal_deadhead_distance_km,task_service_rate,duplicate_task_assignments,route_type_violations,time_overlap_violations,deadhead_endpoint_violations,missing_selected_link_paths,solver_success,optimality_gap
instance_00001,10,6,7,1,3,0.0,1.0,0,0,0,0,0,True,0.0
instance_00004,15,10,11,1,4,49.4,1.0,0,0,0,0,0,True,0.0
instance_00005,21,16,16,0,5,19.05,1.0,0,0,0,0,0,True,0.0
instance_00006,23,15,16,1,7,105.5,1.0,0,0,0,0,0,True,0.0
instance_00007,17,14,14,0,3,66.37,1.0,0,0,0,0,0,True,0.0
instance_00009,18,11,12,1,6,283.67,1.0,0,0,0,0,0,True,0.0
instance_00010,274,239,245,6,29,341.34000000000003,1.0,0,0,0,0,0,True,0.0
instance_00011,185,151,160,9,25,833.75,1.0,0,0,0,0,0,True,0.0
instance_00012,21,15,17,2,4,167.4,1.0,0,0,0,0,0,True,0.0
instance_00013,27,18,21,3,6,151.53,1.0,0,0,0,0,0,True,0.0
instance_00014,26,18,19,1,7,35.05,1.0,0,0,0,0,0,True,0.0
instance_00015,17,13,14,1,3,0.0,1.0,0,0,0,0,0,True,0.0
instance_00016,19,12,17,5,2,0.0,1.0,0,0,0,0,0,True,0.0
instance_00017,20,16,17,1,3,0.0,1.0,0,0,0,0,0,True,0.0
instance_00018,19,15,16,1,3,117.79,1.0,0,0,0,0,0,True,0.0
instance_00019,16,11,12,1,4,130.8,1.0,0,0,0,0,0,True,0.0
instance_00020,11,5,7,2,4,65.95,1.0,0,0,0,0,0,True,0.0
instance_00033,20,17,19,2,1,0.0,1.0,0,0,0,0,0,True,0.0
instance_00034,123,100,105,5,18,852.1800000000001,1.0,0,0,0,0,0,True,0.0
instance_00035,192,154,165,11,27,329.77,1.0,0,0,0,0,0,True,0.0
instance_00037,154,122,131,9,23,1326.3999999999999,1.0,0,0,0,0,0,True,0.0
instance_00038,129,93,100,7,29,879.7300000000001,1.0,0,0,0,0,0,True,0.0
instance_00039,157,113,121,8,36,1568.2699999999998,1.0,0,0,0,0,0,True,0.0
instance_00040,164,123,130,7,34,1176.66,1.0,0,0,0,0,0,True,0.0
instance_00041,153,119,126,7,27,1122.66,1.0,0,0,0,0,0,True,0.0
instance_00042,180,134,142,8,38,1912.57,1.0,0,0,0,0,0,True,0.0
instance_00043,180,140,152,12,28,602.8499999999999,1.0,0,0,0,0,0,True,0.0
instance_00044,157,115,122,7,35,1121.53,1.0,0,0,0,0,0,True,0.0
instance_00045,123,96,99,3,24,1234.04,1.0,0,0,0,0,0,True,0.0
instance_00046,152,116,123,7,29,803.89,1.0,0,0,0,0,0,True,0.0
instance_00047,153,104,111,7,42,1244.2,1.0,0,0,0,0,0,True,0.0
instance_00048,166,120,130,10,36,2048.4800000000005,1.0,0,0,0,0,0,True,0.0
instance_00049,132,93,98,5,34,706.94,1.0,0,0,0,0,0,True,0.0
instance_00050,149,114,120,6,29,1085.86,1.0,0,0,0,0,0,True,0.0
instance_00051,125,89,93,4,32,992.13,1.0,0,0,0,0,0,True,0.0
instance_00052,114,79,90,11,24,661.22,1.0,0,0,0,0,0,True,0.0
instance_00053,147,115,119,4,28,956.5399999999998,1.0,0,0,0,0,0,True,0.0
instance_00054,132,93,101,8,31,1445.84,1.0,0,0,0,0,0,True,0.0
instance_00055,136,97,101,4,35,1466.74,1.0,0,0,0,0,0,True,0.0
instance_00056,128,101,105,4,23,817.1399999999999,1.0,0,0,0,0,0,True,0.0
instance_00057,128,105,108,3,20,766.8,1.0,0,0,0,0,0,True,0.0
instance_00058,139,107,114,7,25,576.8,1.0,0,0,0,0,0,True,0.0
instance_00059,123,92,100,8,23,1319.7800000000002,1.0,0,0,0,0,0,True,0.0
instance_00060,46,40,43,3,3,69.78,1.0,0,0,0,0,0,True,0.0
instance_00062,10,7,7,0,3,16.0,1.0,0,0,0,0,0,True,0.0
instance_00063,25,17,18,1,7,406.04,1.0,0,0,0,0,0,True,0.0
instance_00064,22,13,17,4,5,19.05,1.0,0,0,0,0,0,True,0.0
instance_00069,15,11,11,0,4,125.4,1.0,0,0,0,0,0,True,0.0
instance_00071,19,13,13,0,6,107.88000000000001,1.0,0,0,0,0,0,True,0.0
instance_00074,17,14,14,0,3,0.0,1.0,0,0,0,0,0,True,0.0
instance_00075,18,12,12,0,6,127.66999999999999,1.0,0,0,0,0,0,True,0.0
instance_00076,16,10,11,1,5,91.96,1.0,0,0,0,0,0,True,0.0
instance_00077,19,12,13,1,6,311.24,1.0,0,0,0,0,0,True,0.0
instance_00079,11,4,6,2,5,62.379999999999995,1.0,0,0,0,0,0,True,0.0
instance_00080,20,15,17,2,3,72.91,1.0,0,0,0,0,0,True,0.0
instance_00081,18,12,14,2,4,358.72,1.0,0,0,0,0,0,True,0.0
instance_00084,14,10,12,2,2,0.0,1.0,0,0,0,0,0,True,0.0
instance_00085,43,32,36,4,7,404.66,1.0,0,0,0,0,0,True,0.0
instance_00086,108,85,90,5,18,514.45,1.0,0,0,0,0,0,True,0.0
instance_00087,105,81,87,6,18,739.1899999999999,1.0,0,0,0,0,0,True,0.0
instance_00089,141,103,111,8,30,959.84,1.0,0,0,0,0,0,True,0.0
instance_00091,115,85,97,12,18,1253.34,1.0,0,0,0,0,0,True,0.0
instance_00093,109,81,90,9,19,1089.33,1.0,0,0,0,0,0,True,0.0
instance_00094,132,105,113,8,19,635.91,1.0,0,0,0,0,0,True,0.0
instance_00095,144,112,120,8,24,744.59,1.0,0,0,0,0,0,True,0.0
instance_00096,112,83,91,8,21,1404.41,1.0,0,0,0,0,0,True,0.0
instance_00097,112,78,87,9,25,1143.8100000000002,1.0,0,0,0,0,0,True,0.0
instance_00098,104,75,83,8,21,1163.43,1.0,0,0,0,0,0,True,0.0
instance_00099,95,68,77,9,18,660.8000000000001,1.0,0,0,0,0,0,True,0.0
instance_00100,93,71,74,3,19,1259.23,1.0,0,0,0,0,0,True,0.0
instance_00102,39,20,24,4,15,815.1,1.0,0,0,0,0,0,True,0.0
instance_00103,33,22,26,4,7,451.08,1.0,0,0,0,0,0,True,0.0
instance_00104,33,18,21,3,12,640.96,1.0,0,0,0,0,0,True,0.0
instance_00105,29,17,19,2,10,374.82,1.0,0,0,0,0,0,True,0.0
instance_00106,18,11,13,2,5,94.3,1.0,0,0,0,0,0,True,0.0
instance_00107,21,12,14,2,7,46.620000000000005,1.0,0,0,0,0,0,True,0.0
instance_00108,22,14,16,2,6,84.88,1.0,0,0,0,0,0,True,0.0
instance_00109,18,15,15,0,3,24.52,1.0,0,0,0,0,0,True,0.0
instance_00110,22,15,17,2,5,27.57,1.0,0,0,0,0,0,True,0.0
instance_00111,15,11,11,0,4,133.79000000000002,1.0,0,0,0,0,0,True,0.0
instance_00112,31,19,23,4,8,345.06,1.0,0,0,0,0,0,True,0.0
instance_00113,23,14,18,4,5,293.96999999999997,1.0,0,0,0,0,0,True,0.0
instance_00114,17,10,12,2,5,17.04,1.0,0,0,0,0,0,True,0.0
instance_00115,22,13,15,2,7,81.42999999999999,1.0,0,0,0,0,0,True,0.0
instance_00116,23,19,21,2,2,19.05,1.0,0,0,0,0,0,True,0.0
instance_00118,26,15,20,5,6,8.52,1.0,0,0,0,0,0,True,0.0
instance_00119,20,13,15,2,5,0.0,1.0,0,0,0,0,0,True,0.0
instance_00120,16,9,11,2,5,160.74,1.0,0,0,0,0,0,True,0.0
instance_00121,32,15,16,1,16,1237.1999999999998,1.0,0,0,0,0,0,True,0.0
instance_00122,34,24,26,2,8,295.79,1.0,0,0,0,0,0,True,0.0
